{
  "custom": {},
  "params": {
    "folder": "matchDays",
    "view": "g_14_june"
  },
  "propConfig": {
    "params.folder": {
      "paramDirection": "input",
      "persistent": true
    },
    "params.view": {
      "paramDirection": "input",
      "persistent": true
    }
  },
  "props": {
    "defaultSize": {
      "height": 2000,
      "width": 1600
    }
  },
  "root": {
    "children": [
      {
        "meta": {
          "name": "EmbeddedView"
        },
        "position": {
          "basis": "320px",
          "grow": 1
        },
        "propConfig": {
          "props.path": {
            "binding": {
              "config": {
                "expression": "{view.params.folder} + \"/\" + {view.params.view}"
              },
              "type": "expr"
            }
          }
        },
        "props": {
          "useDefaultViewHeight": true
        },
        "type": "ia.display.view"
      }
    ],
    "meta": {
      "name": "root"
    },
    "props": {
      "direction": "column",
      "justify": "center",
      "style": {
        "backgroundAttachment": "scroll",
        "backgroundImage": "url(\"/system/images/betApp/transparentWall.png\")",
        "backgroundPosition": "cover",
        "backgroundSize": "cover"
      }
    },
    "type": "ia.container.flex"
  }
}