{
  "custom": {},
  "params": {},
  "props": {
    "defaultSize": {
      "height": 1400,
      "width": 1600
    }
  },
  "root": {
    "children": [
      {
        "meta": {
          "name": "Label"
        },
        "position": {
          "basis": "80px"
        },
        "props": {
          "style": {
            "classes": "matchDay"
          },
          "text": "19 June - Group Stage"
        },
        "type": "ia.display.label"
      },
      {
        "meta": {
          "name": "EmbeddedView"
        },
        "position": {
          "basis": "250px"
        },
        "props": {
          "params": {
            "matchDate": "2025-06-19 12:00:00",
            "matchID": 190601,
            "team1EmblemSrc": "betApp/teamsEmblem/sePalmeiras.png",
            "team1Name": "SE Palmerias",
            "team2EmblemSrc": "betApp/teamsEmblem/alAlchyFC.png",
            "team2Name": "Al Ahly FC"
          },
          "path": "patterns/matchPattern",
          "useDefaultViewHeight": true,
          "useDefaultViewWidth": true
        },
        "type": "ia.display.view"
      },
      {
        "meta": {
          "name": "EmbeddedView_0"
        },
        "position": {
          "basis": "250px"
        },
        "props": {
          "params": {
            "matchDate": "2025-06-19 15:00:00",
            "matchID": 190602,
            "team1EmblemSrc": "betApp/teamsEmblem/interMiamiCF.png",
            "team1Name": "Inter Miami CF",
            "team2EmblemSrc": "betApp/teamsEmblem/fcPorto.png",
            "team2Name": "FC Porto"
          },
          "path": "patterns/matchPattern",
          "style": {
            "marginTop": "50px"
          },
          "useDefaultViewHeight": true,
          "useDefaultViewWidth": true
        },
        "type": "ia.display.view"
      },
      {
        "meta": {
          "name": "EmbeddedView_1"
        },
        "position": {
          "basis": "250px"
        },
        "props": {
          "params": {
            "matchDate": "2025-06-19 15:00:00",
            "matchID": 190603,
            "team1EmblemSrc": "betApp/teamsEmblem/seattleSoundersFC.png",
            "team1Name": "Seattle Sounders FC",
            "team2EmblemSrc": "betApp/teamsEmblem/atleticoMadrid.png",
            "team2Name": "Athletico Madrid"
          },
          "path": "patterns/matchPattern",
          "style": {
            "marginTop": "50px"
          },
          "useDefaultViewHeight": true,
          "useDefaultViewWidth": true
        },
        "type": "ia.display.view"
      },
      {
        "meta": {
          "name": "EmbeddedView_2"
        },
        "position": {
          "basis": "250px"
        },
        "props": {
          "params": {
            "matchDate": "2025-06-19 18:00:00",
            "matchID": 190604,
            "team1EmblemSrc": "betApp/teamsEmblem/PSG.png",
            "team1Name": "Paris Saint-Germain",
            "team2EmblemSrc": "betApp/teamsEmblem/botafogo.png",
            "team2Name": "Botafogo"
          },
          "path": "patterns/matchPattern",
          "style": {
            "marginTop": "50px"
          },
          "useDefaultViewHeight": true,
          "useDefaultViewWidth": true
        },
        "type": "ia.display.view"
      }
    ],
    "meta": {
      "name": "root"
    },
    "props": {
      "alignItems": "center",
      "direction": "column"
    },
    "type": "ia.container.flex"
  }
}