{
  "custom": {},
  "params": {},
  "props": {
    "defaultSize": {
      "height": 1400,
      "width": 1600
    }
  },
  "root": {
    "children": [
      {
        "meta": {
          "name": "Label"
        },
        "position": {
          "basis": "80px"
        },
        "props": {
          "style": {
            "classes": "matchDay"
          },
          "text": "20 June - Group Stage"
        },
        "type": "ia.display.label"
      },
      {
        "meta": {
          "name": "EmbeddedView"
        },
        "position": {
          "basis": "250px"
        },
        "props": {
          "params": {
            "matchDate": "2025-06-20 12:00:00",
            "matchID": 200601,
            "team1EmblemSrc": "betApp/teamsEmblem/benficaSL.png",
            "team1Name": "SL Benfica",
            "team2EmblemSrc": "betApp/teamsEmblem/aucklandCity.png",
            "team2Name": "Auckland City FC"
          },
          "path": "patterns/matchPattern",
          "useDefaultViewHeight": true,
          "useDefaultViewWidth": true
        },
        "type": "ia.display.view"
      },
      {
        "meta": {
          "name": "EmbeddedView_0"
        },
        "position": {
          "basis": "250px"
        },
        "props": {
          "params": {
            "matchDate": "2025-06-20 14:00:00",
            "matchID": 200602,
            "team1EmblemSrc": "betApp/teamsEmblem/flamengoCR.png",
            "team1Name": "CR Flamengo",
            "team2EmblemSrc": "betApp/teamsEmblem/chelseFC.png",
            "team2Name": "Chelsea FC"
          },
          "path": "patterns/matchPattern",
          "style": {
            "marginTop": "50px"
          },
          "useDefaultViewHeight": true,
          "useDefaultViewWidth": true
        },
        "type": "ia.display.view"
      },
      {
        "meta": {
          "name": "EmbeddedView_1"
        },
        "position": {
          "basis": "250px"
        },
        "props": {
          "params": {
            "matchDate": "2025-06-20 17:00:00",
            "matchID": 200603,
            "team1EmblemSrc": "betApp/teamsEmblem/clubLeon.png",
            "team1Name": "Club Leon",
            "team2EmblemSrc": "betApp/teamsEmblem/esperanceSportiveDeTunis.png",
            "team2Name": "Esperance Sportive de Tunis"
          },
          "path": "patterns/matchPattern",
          "style": {
            "marginTop": "50px"
          },
          "useDefaultViewHeight": true,
          "useDefaultViewWidth": true
        },
        "type": "ia.display.view"
      },
      {
        "meta": {
          "name": "EmbeddedView_2"
        },
        "position": {
          "basis": "250px"
        },
        "props": {
          "params": {
            "matchDate": "2025-06-20 21:00:00",
            "matchID": 200604,
            "team1EmblemSrc": "betApp/teamsEmblem/bayernMunchen.png",
            "team1Name": "FC Bayern Munchen",
            "team2EmblemSrc": "betApp/teamsEmblem/bocaJuniors.png",
            "team2Name": "CA Boca Juniors"
          },
          "path": "patterns/matchPattern",
          "style": {
            "marginTop": "50px"
          },
          "useDefaultViewHeight": true,
          "useDefaultViewWidth": true
        },
        "type": "ia.display.view"
      }
    ],
    "meta": {
      "name": "root"
    },
    "props": {
      "alignItems": "center",
      "direction": "column"
    },
    "type": "ia.container.flex"
  }
}