{
  "custom": {},
  "params": {
    "matchID": "",
    "team1Name": "",
    "team2Name": ""
  },
  "propConfig": {
    "params.matchID": {
      "paramDirection": "input",
      "persistent": true
    },
    "params.team1Name": {
      "paramDirection": "input",
      "persistent": true
    },
    "params.team2Name": {
      "paramDirection": "input",
      "persistent": true
    }
  },
  "props": {
    "defaultSize": {
      "height": 180,
      "width": 300
    }
  },
  "root": {
    "children": [
      {
        "meta": {
          "name": "infoText"
        },
        "position": {
          "height": 0.4751,
          "width": 0.81,
          "x": 0.095,
          "y": 0.0075
        },
        "props": {
          "text": "This metch bas already been bet by you!",
          "textStyle": {
            "textAlign": "center"
          }
        },
        "type": "ia.display.label"
      },
      {
        "events": {
          "dom": {
            "onClick": {
              "config": {
                "script": "\t\n\t#Close this Popup window\n\tsystem.perspective.closePopup(id \u003d \"wasBetPopUp\")\n\t\n\t#Open \"BetPopUp\" window.\n\tsystem.perspective.openPopup(\n\t\t\tid \u003d \"BetPopUp\", \n\t\t\tview \u003d \"patterns/betPopUPwindow\",\n\t\t\tparams \u003d {\t\u0027matchID\u0027:self.view.params.matchID,\n\t\t\t\t\t\t\u0027team1Name\u0027:self.view.params.team1Name,\n\t\t\t\t\t\t\u0027team2Name\u0027:self.view.params.team2Name})"
              },
              "scope": "G",
              "type": "script"
            }
          }
        },
        "meta": {
          "name": "betAgainButton"
        },
        "position": {
          "height": 0.225,
          "width": 0.33,
          "x": 0.1126,
          "y": 0.5706
        },
        "props": {
          "text": "Bet again"
        },
        "type": "ia.input.button"
      },
      {
        "events": {
          "dom": {
            "onClick": {
              "config": {
                "draggable": true,
                "id": "wasBetPopUp",
                "modal": false,
                "overlayDismiss": false,
                "resizable": true,
                "showCloseIcon": true,
                "type": "close",
                "viewPath": "patterns/wasBetPopUp",
                "viewportBound": false
              },
              "scope": "C",
              "type": "popup"
            }
          }
        },
        "meta": {
          "name": "LeaveButton"
        },
        "position": {
          "height": 0.225,
          "width": 0.33,
          "x": 0.5426,
          "y": 0.5706
        },
        "props": {
          "text": "Leave"
        },
        "type": "ia.input.button"
      }
    ],
    "meta": {
      "name": "root"
    },
    "props": {
      "mode": "percent"
    },
    "type": "ia.container.coord"
  }
}