{
  "custom": {},
  "params": {
    "matchID": "",
    "team1Name": "",
    "team2Name": ""
  },
  "propConfig": {
    "params.matchID": {
      "paramDirection": "input",
      "persistent": true
    },
    "params.team1Name": {
      "paramDirection": "input",
      "persistent": true
    },
    "params.team2Name": {
      "paramDirection": "input",
      "persistent": true
    }
  },
  "props": {
    "defaultSize": {
      "height": 235,
      "width": 384
    }
  },
  "root": {
    "children": [
      {
        "meta": {
          "name": "Label"
        },
        "position": {
          "height": 32,
          "width": 100,
          "x": 18,
          "y": 128
        },
        "props": {
          "style": {
            "borderStyle": "solid",
            "borderWidth": 2,
            "fontFamily": "Roboto",
            "fontWeight": "bold",
            "paddingLeft": 5
          },
          "text": "Mecz ID"
        },
        "type": "ia.display.label"
      },
      {
        "meta": {
          "name": "Label_2"
        },
        "position": {
          "height": 32,
          "width": 204,
          "x": 18,
          "y": 20
        },
        "props": {
          "style": {
            "borderColor": "#2B2B2B",
            "borderStyle": "solid",
            "borderWidth": 2,
            "fontFamily": "Roboto",
            "fontWeight": "bold",
            "paddingLeft": 5
          },
          "text": "Team name"
        },
        "type": "ia.display.label"
      },
      {
        "meta": {
          "name": "Label_3"
        },
        "position": {
          "height": 32,
          "width": 150,
          "x": 220,
          "y": 20
        },
        "props": {
          "style": {
            "borderColor": "#2B2B2B",
            "borderStyle": "solid",
            "borderWidth": 2,
            "fontFamily": "Roboto",
            "fontWeight": "bold",
            "paddingLeft": 5
          },
          "text": "(enter your result)",
          "textStyle": {
            "textAlign": "center"
          }
        },
        "type": "ia.display.label"
      },
      {
        "meta": {
          "name": "Label_4"
        },
        "position": {
          "height": 32,
          "width": 204,
          "x": 18,
          "y": 50
        },
        "propConfig": {
          "props.text": {
            "binding": {
              "config": {
                "path": "view.params.team1Name"
              },
              "type": "property"
            }
          }
        },
        "props": {
          "style": {
            "borderStyle": "solid",
            "borderWidth": 2,
            "fontFamily": "Roboto",
            "fontWeight": "bold",
            "paddingLeft": 5
          }
        },
        "type": "ia.display.label"
      },
      {
        "meta": {
          "name": "Label_6"
        },
        "position": {
          "height": 32,
          "width": 204,
          "x": 18,
          "y": 80
        },
        "propConfig": {
          "props.text": {
            "binding": {
              "config": {
                "path": "view.params.team2Name"
              },
              "type": "property"
            }
          }
        },
        "props": {
          "style": {
            "borderStyle": "solid",
            "borderWidth": 2,
            "fontFamily": "Roboto",
            "fontWeight": "bold",
            "paddingLeft": 5
          }
        },
        "type": "ia.display.label"
      },
      {
        "meta": {
          "name": "Label_8"
        },
        "position": {
          "height": 32,
          "width": 70,
          "x": 116,
          "y": 128
        },
        "propConfig": {
          "props.text": {
            "binding": {
              "config": {
                "path": "view.params.matchID"
              },
              "type": "property"
            }
          }
        },
        "props": {
          "style": {
            "borderStyle": "solid",
            "borderWidth": 2,
            "fontFamily": "Roboto",
            "fontWeight": "bold",
            "paddingLeft": 5
          }
        },
        "type": "ia.display.label"
      },
      {
        "events": {
          "dom": {
            "onClick": {
              "config": {
                "script": "\t\t\n\tdbName \u003d \"localMSSQLserver\"\n\tmatchID \u003d self.view.params.matchID\t\n\tuserID \u003d self.session.props.auth.user.userName\n\tteam1Name \u003d self.view.params.team1Name\n\tteam2Name \u003d self.view.params.team2Name\n\tteam1_goalsNumber \u003d self.getSibling(\"team1goals_Input\").props.value\n\tteam2_goalsNumber \u003d self.getSibling(\"team2goals_Input\").props.value\n\t\n\tquery \u003d \u0027\u0027\u0027\n\t\tBEGIN TRY\n    \t\tBEGIN TRANSACTION\n\n\t\t\t\tDECLARE @userID VARCHAR(10) \u003d ?\n        \t\tDECLARE @matchID INT \u003d ?\n\n   \t\t    \t--Check if user has bet on the match\n    \t\t    IF EXISTS\t(\n    \t\t    \t\t\tSELECT * FROM [betApp].[dbo].[betOnMatches] \n\t\t\t\t\t\t\tWHERE (matchID \u003d @matchID AND userID LIKE @userID)\n\t\t\t\t\t\t\t)\n\t\t\t\tBEGIN\n\t\t\t\t \t\t\t--delete previous bet\n    \t\t    \t\t\tDELETE FROM [betApp].[dbo].[betOnMatches]\n    \t\t    \t\t\tWHERE (matchID \u003d @matchID AND userID LIKE @userID)\n\t\t\t\tEND\n\n      \t\t  --Insert new bet\n\t\t\t\tINSERT INTO [betApp].[dbo].[betOnMatches]\n\t\t\t\t\t\t(\n\t\t\t\t\t\tuserID,\n\t\t\t\t\t\tmatchID,\n\t\t\t\t\t\tteam1Name,\n\t\t\t\t\t\tteam2Name,\n\t\t\t\t\t\tteam1_goalsNumber,\n\t\t\t\t\t\tteam2_goalsNumber,\n\t\t\t\t\t\tt_stamp\n\t\t\t\t\t\t)\t\t\t\t\t\t\n\t\t\t\tVALUES (\n\t\t\t\t\t\tUPPER(@userID),\n\t\t\t\t\t\t@matchID,\n\t\t\t\t\t\t?,\n\t\t\t\t\t\t?,\n\t\t\t\t\t\t?,\n\t\t\t\t\t\t?,\n\t\t\t\t\t\tCURRENT_TIMESTAMP\n\t\t\t\t\t\t)\n\n   \t\t\tCOMMIT TRANSACTION\n\t\tEND TRY\n\t\tBEGIN CATCH\n   \t\t\tROLLBACK TRANSACTION\n\t\tEND CATCH\n\t\t\t\u0027\u0027\u0027\n\t\t\t\n\tsystem.db.runPrepUpdate(query,\n\t\t\t\t\t\t\targs \u003d [userID,\n\t\t\t\t\t\t\t\t\tmatchID,\n\t\t\t\t\t\t\t\t\tteam1Name,\n\t\t\t\t\t\t\t\t\tteam2Name,\n\t\t\t\t\t\t\t\t\tteam1_goalsNumber,\n\t\t\t\t\t\t\t\t\tteam2_goalsNumber],\n\t\t\t\t\t\t\tdatabase \u003d dbName)\n\t\n\tsystem.perspective.closePopup(id \u003d \"BetPopUp\")"
              },
              "scope": "G",
              "type": "script"
            }
          }
        },
        "meta": {
          "name": "Button"
        },
        "position": {
          "height": 44,
          "width": 128,
          "x": 128,
          "y": 176
        },
        "props": {
          "text": "Wyślij zakład"
        },
        "type": "ia.input.button"
      },
      {
        "meta": {
          "name": "team1goals_Input"
        },
        "position": {
          "height": 32,
          "width": 150,
          "x": 220,
          "y": 50
        },
        "props": {
          "align": "center",
          "format": "0,0",
          "mode": "protected",
          "style": {
            "borderColor": "#2B2B2B",
            "borderStyle": "solid",
            "borderWidth": 2,
            "fontFamily": "Roboto",
            "fontWeight": "bold",
            "textAlign": "center"
          },
          "value": 0
        },
        "type": "ia.input.numeric-entry-field"
      },
      {
        "meta": {
          "name": "team2goals_Input"
        },
        "position": {
          "height": 32,
          "width": 150,
          "x": 220,
          "y": 80
        },
        "props": {
          "align": "center",
          "format": "0,0",
          "mode": "protected",
          "style": {
            "borderColor": "#2B2B2B",
            "borderStyle": "solid",
            "borderWidth": 2,
            "fontFamily": "Roboto",
            "fontWeight": "bold",
            "textAlign": "center"
          },
          "value": 0
        },
        "type": "ia.input.numeric-entry-field"
      }
    ],
    "meta": {
      "name": "root"
    },
    "type": "ia.container.coord"
  }
}