{
  "custom": {},
  "params": {},
  "props": {
    "defaultSize": {
      "height": 2000,
      "width": 1600
    }
  },
  "root": {
    "children": [
      {
        "meta": {
          "name": "Table"
        },
        "position": {
          "basis": "400px"
        },
        "propConfig": {
          "props.data": {
            "binding": {
              "config": {
                "queryPath": "betting"
              },
              "type": "query"
            }
          }
        },
        "props": {
          "style": {
            "marginLeft": "200px",
            "marginRight": "200px",
            "marginTop": "50px"
          }
        },
        "type": "ia.display.table"
      }
    ],
    "meta": {
      "name": "root"
    },
    "props": {
      "alignItems": "center",
      "direction": "column",
      "style": {
        "backgroundAttachment": "scroll",
        "backgroundImage": "url(\"/system/images/betApp/transparentWall.png\")",
        "backgroundPosition": "cover",
        "backgroundSize": "cover"
      }
    },
    "type": "ia.container.flex"
  }
}