{
  "custom": {},
  "params": {},
  "props": {
    "defaultSize": {
      "height": 180,
      "width": 300
    }
  },
  "root": {
    "children": [
      {
        "meta": {
          "name": "infoLabel"
        },
        "position": {
          "basis": "32px",
          "grow": 1
        },
        "props": {
          "style": {
            "textAlign": "center"
          },
          "text": "You are not logged in!"
        },
        "type": "ia.display.label"
      }
    ],
    "meta": {
      "name": "root"
    },
    "props": {
      "direction": "column"
    },
    "type": "ia.container.flex"
  }
}