{
  "custom": {},
  "params": {},
  "props": {
    "defaultSize": {
      "height": 1400,
      "width": 1600
    }
  },
  "root": {
    "children": [
      {
        "meta": {
          "name": "Label"
        },
        "position": {
          "basis": "80px"
        },
        "props": {
          "style": {
            "classes": "matchDay"
          },
          "text": "17 June - Group Stage"
        },
        "type": "ia.display.label"
      },
      {
        "meta": {
          "name": "EmbeddedView"
        },
        "position": {
          "basis": "250px"
        },
        "props": {
          "params": {
            "matchDate": "2025-06-17 12:00:00",
            "matchID": 170601,
            "team1EmblemSrc": "betApp/teamsEmblem/flumineseFC.png",
            "team1Name": "Fluminese FC",
            "team2EmblemSrc": "betApp/teamsEmblem/borussiaDortmund.png",
            "team2Name": "Borussia Dortmund"
          },
          "path": "patterns/matchPattern",
          "useDefaultViewHeight": true,
          "useDefaultViewWidth": true
        },
        "type": "ia.display.view"
      },
      {
        "meta": {
          "name": "EmbeddedView_0"
        },
        "position": {
          "basis": "250px"
        },
        "props": {
          "params": {
            "matchDate": "2025-06-17 12:00:00",
            "matchID": 170602,
            "team1EmblemSrc": "betApp/teamsEmblem/riverPlateCA.png",
            "team1Name": "CA River Plate",
            "team2EmblemSrc": "betApp/teamsEmblem/urawaRedDiamonds.png",
            "team2Name": "Urawa Red Diamonds"
          },
          "path": "patterns/matchPattern",
          "style": {
            "marginTop": "50px"
          },
          "useDefaultViewHeight": true,
          "useDefaultViewWidth": true
        },
        "type": "ia.display.view"
      },
      {
        "meta": {
          "name": "EmbeddedView_1"
        },
        "position": {
          "basis": "250px"
        },
        "props": {
          "params": {
            "matchDate": "2025-06-17 18:00:00",
            "matchID": 170603,
            "team1EmblemSrc": "betApp/teamsEmblem/ulsanHD.png",
            "team1Name": "Ulsan HD",
            "team2EmblemSrc": "betApp/teamsEmblem/mamelodySundownsFC.png",
            "team2Name": "Mamelodi Sundowns FC"
          },
          "path": "patterns/matchPattern",
          "style": {
            "marginTop": "50px"
          },
          "useDefaultViewHeight": true,
          "useDefaultViewWidth": true
        },
        "type": "ia.display.view"
      },
      {
        "meta": {
          "name": "EmbeddedView_2"
        },
        "position": {
          "basis": "250px"
        },
        "props": {
          "params": {
            "matchDate": "2025-06-17 18:00:00",
            "matchID": 170604,
            "team1EmblemSrc": "betApp/teamsEmblem/CFmonterrey.png",
            "team1Name": "CF Monterry",
            "team2EmblemSrc": "betApp/teamsEmblem/interMilanoFC.png",
            "team2Name": "FC Internazionale Milano"
          },
          "path": "patterns/matchPattern",
          "style": {
            "marginTop": "50px"
          },
          "useDefaultViewHeight": true,
          "useDefaultViewWidth": true
        },
        "type": "ia.display.view"
      }
    ],
    "meta": {
      "name": "root"
    },
    "props": {
      "alignItems": "center",
      "direction": "column"
    },
    "type": "ia.container.flex"
  }
}