{
  "custom": {},
  "params": {},
  "props": {
    "defaultSize": {
      "height": 40,
      "width": 1600
    }
  },
  "root": {
    "children": [
      {
        "children": [
          {
            "meta": {
              "name": "userLabel"
            },
            "position": {
              "basis": "50px"
            },
            "props": {
              "style": {
                "marginBottom": "5px",
                "marginLeft": "30px",
                "marginTop": "5px"
              },
              "text": "User:",
              "textStyle": {
                "color": "#FFFFFF",
                "fontSize": 14,
                "fontWeight": "bold"
              }
            },
            "type": "ia.display.label"
          },
          {
            "meta": {
              "name": "sessionUserName"
            },
            "position": {
              "basis": "150px"
            },
            "propConfig": {
              "props.text": {
                "binding": {
                  "config": {
                    "path": "session.props.auth.user.userName"
                  },
                  "type": "property"
                }
              }
            },
            "props": {
              "style": {
                "marginBottom": "5px",
                "marginTop": "5px"
              },
              "textStyle": {
                "color": "#FFFFFF",
                "fontSize": 14,
                "fontWeight": "bold"
              }
            },
            "type": "ia.display.label"
          },
          {
            "events": {
              "dom": {
                "onClick": {
                  "config": {},
                  "scope": "C",
                  "type": "login"
                }
              }
            },
            "meta": {
              "name": "logInButton"
            },
            "position": {
              "basis": "100px"
            },
            "props": {
              "style": {
                "classes": "menuButtonStyle",
                "fontSize": 12,
                "marginBottom": "5px",
                "marginLeft": "25px",
                "marginTop": "5px"
              },
              "text": "Log in"
            },
            "type": "ia.input.button"
          },
          {
            "events": {
              "dom": {
                "onClick": {
                  "config": {},
                  "scope": "C",
                  "type": "logout"
                }
              }
            },
            "meta": {
              "name": "logOutButton"
            },
            "position": {
              "basis": "100px"
            },
            "props": {
              "style": {
                "classes": "menuButtonStyle",
                "marginBottom": "5px",
                "marginLeft": "25px",
                "marginTop": "5px"
              },
              "text": "Log out",
              "textStyle": {
                "fontSize": 12
              }
            },
            "type": "ia.input.button"
          }
        ],
        "meta": {
          "name": "user"
        },
        "position": {
          "basis": "550px"
        },
        "type": "ia.container.flex"
      },
      {
        "meta": {
          "name": "sign"
        },
        "position": {
          "basis": "400px"
        },
        "props": {
          "text": "by Rafał Samoraj",
          "textStyle": {
            "color": "#FFFFFF",
            "marginRight": "10px",
            "textAlign": "right"
          }
        },
        "type": "ia.display.label"
      }
    ],
    "meta": {
      "name": "root"
    },
    "props": {
      "justify": "space-between",
      "style": {
        "classes": "nav"
      }
    },
    "type": "ia.container.flex"
  }
}