{
  "custom": {},
  "params": {},
  "props": {
    "defaultSize": {
      "height": 1400,
      "width": 1600
    }
  },
  "root": {
    "children": [
      {
        "meta": {
          "name": "Label"
        },
        "position": {
          "basis": "80px"
        },
        "props": {
          "style": {
            "classes": "matchDay"
          },
          "text": "18 June - Group Stage"
        },
        "type": "ia.display.label"
      },
      {
        "meta": {
          "name": "EmbeddedView"
        },
        "position": {
          "basis": "250px"
        },
        "props": {
          "params": {
            "matchDate": "2025-06-18 12:00:00",
            "matchID": 180601,
            "team1EmblemSrc": "betApp/teamsEmblem/manchesterCity.png",
            "team1Name": "Manchester City",
            "team2EmblemSrc": "betApp/teamsEmblem/wydadAC.png",
            "team2Name": "Wydad AC"
          },
          "path": "patterns/matchPattern",
          "useDefaultViewHeight": true,
          "useDefaultViewWidth": true
        },
        "type": "ia.display.view"
      },
      {
        "meta": {
          "name": "EmbeddedView_0"
        },
        "position": {
          "basis": "250px"
        },
        "props": {
          "params": {
            "matchDate": "2025-06-18 15:00:00",
            "matchID": 180602,
            "team1EmblemSrc": "betApp/teamsEmblem/realMadridCF.png",
            "team1Name": "Real Madrid C.F",
            "team2EmblemSrc": "betApp/teamsEmblem/alHilalFC.png",
            "team2Name": "Al Hilal"
          },
          "path": "patterns/matchPattern",
          "style": {
            "marginTop": "50px"
          },
          "useDefaultViewHeight": true,
          "useDefaultViewWidth": true
        },
        "type": "ia.display.view"
      },
      {
        "meta": {
          "name": "EmbeddedView_1"
        },
        "position": {
          "basis": "250px"
        },
        "props": {
          "params": {
            "matchDate": "2025-06-18 18:00:00",
            "matchID": 180603,
            "team1EmblemSrc": "betApp/teamsEmblem/pachucaCF.png",
            "team1Name": "CF Pachuca",
            "team2EmblemSrc": "betApp/teamsEmblem/salzburgFC.png",
            "team2Name": "FC Salzburg"
          },
          "path": "patterns/matchPattern",
          "style": {
            "marginTop": "50px"
          },
          "useDefaultViewHeight": true,
          "useDefaultViewWidth": true
        },
        "type": "ia.display.view"
      },
      {
        "meta": {
          "name": "EmbeddedView_2"
        },
        "position": {
          "basis": "250px"
        },
        "props": {
          "params": {
            "matchDate": "2025-06-18 21:00:00",
            "matchID": 180604,
            "team1EmblemSrc": "betApp/teamsEmblem/alAinFC.png",
            "team1Name": "Al Ain FC",
            "team2EmblemSrc": "betApp/teamsEmblem/juventusFC.png",
            "team2Name": "Juventus FC"
          },
          "path": "patterns/matchPattern",
          "style": {
            "marginTop": "50px"
          },
          "useDefaultViewHeight": true,
          "useDefaultViewWidth": true
        },
        "type": "ia.display.view"
      }
    ],
    "meta": {
      "name": "root"
    },
    "props": {
      "alignItems": "center",
      "direction": "column"
    },
    "type": "ia.container.flex"
  }
}