{
  "custom": {},
  "params": {},
  "props": {
    "defaultSize": {
      "height": 70,
      "width": 1600
    }
  },
  "root": {
    "children": [
      {
        "events": {
          "component": {
            "onActionPerformed": {
              "config": {
                "page": "/"
              },
              "scope": "C",
              "type": "nav"
            }
          }
        },
        "meta": {
          "name": "Button"
        },
        "position": {
          "basis": "120px"
        },
        "props": {
          "style": {
            "classes": "menuButtonStyle"
          },
          "text": "Main Page"
        },
        "type": "ia.input.button"
      },
      {
        "events": {
          "component": {
            "onActionPerformed": {
              "config": {
                "page": "/matchDayPage"
              },
              "scope": "C",
              "type": "nav"
            }
          }
        },
        "meta": {
          "name": "Button_0"
        },
        "position": {
          "basis": "120px"
        },
        "props": {
          "style": {
            "classes": "menuButtonStyle"
          },
          "text": "Bet now!"
        },
        "type": "ia.input.button"
      },
      {
        "events": {
          "component": {
            "onActionPerformed": {
              "config": {
                "page": "/scoringPage"
              },
              "scope": "C",
              "type": "nav"
            }
          }
        },
        "meta": {
          "name": "Button_1"
        },
        "position": {
          "basis": "120px"
        },
        "props": {
          "style": {
            "classes": "menuButtonStyle"
          },
          "text": "Scoring"
        },
        "type": "ia.input.button"
      },
      {
        "events": {
          "component": {
            "onActionPerformed": {
              "config": {
                "page": "/statutePage"
              },
              "scope": "C",
              "type": "nav"
            }
          }
        },
        "meta": {
          "name": "Button_2"
        },
        "position": {
          "basis": "120px"
        },
        "props": {
          "style": {
            "classes": "menuButtonStyle"
          },
          "text": "Statute"
        },
        "type": "ia.input.button"
      }
    ],
    "meta": {
      "name": "root"
    },
    "props": {
      "justify": "center",
      "style": {
        "classes": "nav"
      }
    },
    "type": "ia.container.flex"
  }
}