{
  "custom": {},
  "params": {},
  "props": {
    "defaultSize": {
      "width": 300
    }
  },
  "root": {
    "children": [
      {
        "meta": {
          "name": "MenuTree"
        },
        "position": {
          "basis": "800px"
        },
        "props": {
          "items": [
            {
              "backActionText": "",
              "enabled": true,
              "items": [],
              "label": {
                "icon": {
                  "path": ""
                },
                "text": "14 June - Group Stage"
              },
              "navIcon": {
                "color": "",
                "path": "material/chevron_right"
              },
              "resetOnClick": false,
              "showHeader": true,
              "style": {
                "classes": ""
              },
              "target": "/matchDays/g_14_june",
              "visible": true
            },
            {
              "backActionText": "",
              "enabled": true,
              "items": [],
              "label": {
                "icon": {
                  "path": ""
                },
                "text": "15 June - Group Stage"
              },
              "navIcon": {
                "color": "",
                "path": "material/chevron_right"
              },
              "resetOnClick": false,
              "showHeader": true,
              "style": {
                "classes": ""
              },
              "target": "/matchDays/g_15_june",
              "visible": true
            },
            {
              "backActionText": "",
              "enabled": true,
              "items": [],
              "label": {
                "icon": {
                  "path": ""
                },
                "text": "16 June - Group Stage"
              },
              "navIcon": {
                "color": "",
                "path": "material/chevron_right"
              },
              "resetOnClick": false,
              "showHeader": true,
              "style": {
                "classes": ""
              },
              "target": "/matchDays/g_16_june",
              "visible": true
            },
            {
              "backActionText": "",
              "enabled": true,
              "items": [],
              "label": {
                "icon": {
                  "path": ""
                },
                "text": "17 June - Group Stage"
              },
              "navIcon": {
                "color": "",
                "path": "material/chevron_right"
              },
              "resetOnClick": false,
              "showHeader": true,
              "style": {
                "classes": ""
              },
              "target": "/matchDays/g_17_june",
              "visible": true
            },
            {
              "backActionText": "",
              "enabled": true,
              "items": [],
              "label": {
                "icon": {
                  "path": ""
                },
                "text": "18 June - Group Stage"
              },
              "navIcon": {
                "color": "",
                "path": "material/chevron_right"
              },
              "resetOnClick": false,
              "showHeader": true,
              "style": {
                "classes": ""
              },
              "target": "/matchDays/g_18_june",
              "visible": true
            },
            {
              "backActionText": "",
              "enabled": true,
              "items": [],
              "label": {
                "icon": {
                  "path": ""
                },
                "text": "19 June - Group Stage"
              },
              "navIcon": {
                "color": "",
                "path": "material/chevron_right"
              },
              "resetOnClick": false,
              "showHeader": true,
              "style": {
                "classes": ""
              },
              "target": "/matchDays/g_19_june",
              "visible": true
            },
            {
              "backActionText": "",
              "enabled": true,
              "items": [],
              "label": {
                "icon": {
                  "path": ""
                },
                "text": "20 June - Group Stage"
              },
              "navIcon": {
                "color": "",
                "path": "material/chevron_right"
              },
              "resetOnClick": false,
              "showHeader": true,
              "style": {
                "classes": ""
              },
              "target": "/matchDays/g_20_june",
              "visible": true
            },
            {
              "backActionText": "",
              "enabled": true,
              "items": [],
              "label": {
                "icon": {
                  "path": ""
                },
                "text": "21 June - Group Stage"
              },
              "navIcon": {
                "color": "",
                "path": "material/chevron_right"
              },
              "resetOnClick": false,
              "showHeader": true,
              "style": {
                "classes": ""
              },
              "target": "/matchDays/g_21_june",
              "visible": true
            },
            {
              "backActionText": "",
              "enabled": true,
              "items": [],
              "label": {
                "icon": {
                  "path": ""
                },
                "text": "22 June - Group Stage"
              },
              "navIcon": {
                "color": "",
                "path": "material/chevron_right"
              },
              "resetOnClick": false,
              "showHeader": true,
              "style": {
                "classes": ""
              },
              "target": "/matchDays/g_22_june",
              "visible": true
            },
            {
              "backActionText": "",
              "enabled": true,
              "items": [],
              "label": {
                "icon": {
                  "path": ""
                },
                "text": "23 June - Group Stage"
              },
              "navIcon": {
                "color": "",
                "path": "material/chevron_right"
              },
              "resetOnClick": false,
              "showHeader": true,
              "style": {
                "classes": ""
              },
              "target": "/matchDays/g_23_june",
              "visible": true
            },
            {
              "backActionText": "",
              "enabled": true,
              "items": [],
              "label": {
                "icon": {
                  "path": ""
                },
                "text": "24 June - Group Stage"
              },
              "navIcon": {
                "color": "",
                "path": "material/chevron_right"
              },
              "resetOnClick": false,
              "showHeader": true,
              "style": {
                "classes": ""
              },
              "target": "/matchDays/g_24_june",
              "visible": true
            },
            {
              "backActionText": "",
              "enabled": true,
              "items": [],
              "label": {
                "icon": {
                  "path": ""
                },
                "text": "25 June - Group Stage"
              },
              "navIcon": {
                "color": "",
                "path": "material/chevron_right"
              },
              "resetOnClick": false,
              "showHeader": true,
              "style": {
                "classes": ""
              },
              "target": "/matchDays/g_25_june",
              "visible": true
            },
            {
              "backActionText": "",
              "enabled": true,
              "items": [],
              "label": {
                "icon": {
                  "path": ""
                },
                "text": "26 June - Group Stage"
              },
              "navIcon": {
                "color": "",
                "path": "material/chevron_right"
              },
              "resetOnClick": false,
              "showHeader": true,
              "style": {
                "classes": ""
              },
              "target": "/matchDays/g_26_june",
              "visible": true
            },
            {
              "backActionText": "",
              "enabled": true,
              "items": [],
              "label": {
                "icon": {
                  "path": ""
                },
                "text": "28 June - Round of 16"
              },
              "navIcon": {
                "color": "",
                "path": "material/chevron_right"
              },
              "resetOnClick": false,
              "showHeader": true,
              "style": {
                "classes": ""
              },
              "target": "/matchDays/1-8_28_june",
              "visible": true
            },
            {
              "backActionText": "",
              "enabled": true,
              "items": [],
              "label": {
                "icon": {
                  "path": ""
                },
                "text": "29 June - Round of 16"
              },
              "navIcon": {
                "color": "",
                "path": "material/chevron_right"
              },
              "resetOnClick": false,
              "showHeader": true,
              "style": {
                "classes": ""
              },
              "target": "/matchDays/1-8_29_june",
              "visible": true
            },
            {
              "backActionText": "",
              "enabled": true,
              "items": [],
              "label": {
                "icon": {
                  "path": ""
                },
                "text": "30 June - Round of 16"
              },
              "navIcon": {
                "color": "",
                "path": "material/chevron_right"
              },
              "resetOnClick": false,
              "showHeader": true,
              "style": {
                "classes": ""
              },
              "target": "/matchDays/1-8_30_june",
              "visible": true
            },
            {
              "backActionText": "",
              "enabled": true,
              "items": [],
              "label": {
                "icon": {
                  "path": ""
                },
                "text": "1 July - Round of 16"
              },
              "navIcon": {
                "color": "",
                "path": "material/chevron_right"
              },
              "resetOnClick": false,
              "showHeader": true,
              "style": {
                "classes": ""
              },
              "target": "/matchDays/1-8_1_july",
              "visible": true
            },
            {
              "backActionText": "",
              "enabled": true,
              "items": [],
              "label": {
                "icon": {
                  "path": ""
                },
                "text": "4 July - Quarter-Final"
              },
              "navIcon": {
                "color": "",
                "path": "material/chevron_right"
              },
              "resetOnClick": false,
              "showHeader": true,
              "style": {
                "classes": ""
              },
              "target": "/matchDays/1-4_4_july",
              "visible": true
            },
            {
              "backActionText": "",
              "enabled": true,
              "items": [],
              "label": {
                "icon": {
                  "path": ""
                },
                "text": "5 July - Quarter-Final"
              },
              "navIcon": {
                "color": "",
                "path": "material/chevron_right"
              },
              "resetOnClick": false,
              "showHeader": true,
              "style": {
                "classes": ""
              },
              "target": "/matchDays/1-4_5_july",
              "visible": true
            },
            {
              "backActionText": "",
              "enabled": true,
              "items": [],
              "label": {
                "icon": {
                  "path": ""
                },
                "text": "8 July - Semi-Final"
              },
              "navIcon": {
                "color": "",
                "path": "material/chevron_right"
              },
              "resetOnClick": false,
              "showHeader": true,
              "style": {
                "classes": ""
              },
              "target": "/matchDays/1-2_8_july",
              "visible": true
            },
            {
              "backActionText": "",
              "enabled": true,
              "items": [],
              "label": {
                "icon": {
                  "path": ""
                },
                "text": "9 July - Semi-Final"
              },
              "navIcon": {
                "color": "",
                "path": "material/chevron_right"
              },
              "resetOnClick": false,
              "showHeader": true,
              "style": {
                "classes": ""
              },
              "target": "/matchDays/1-2_9_july",
              "visible": true
            },
            {
              "backActionText": "",
              "enabled": true,
              "items": [],
              "label": {
                "icon": {
                  "path": ""
                },
                "text": "13 July - Final"
              },
              "navIcon": {
                "color": "",
                "path": "material/chevron_right"
              },
              "resetOnClick": false,
              "showHeader": true,
              "style": {
                "classes": ""
              },
              "target": "/matchDays/final_13_july",
              "visible": true
            }
          ],
          "style": {
            "marginTop": "20px"
          }
        },
        "type": "ia.navigation.menutree"
      }
    ],
    "meta": {
      "name": "root"
    },
    "props": {
      "direction": "column"
    },
    "type": "ia.container.flex"
  }
}