{
  "custom": {},
  "params": {},
  "props": {
    "defaultSize": {
      "height": 1200,
      "width": 1600
    }
  },
  "root": {
    "children": [
      {
        "children": [
          {
            "meta": {
              "name": "Image"
            },
            "position": {
              "basis": "445px"
            },
            "props": {
              "fit": {
                "mode": "contain"
              },
              "source": "/system/images/halland.png",
              "style": {
                "marginLeft": "25px",
                "marginRight": "25px"
              }
            },
            "type": "ia.display.image"
          }
        ],
        "meta": {
          "name": "column1"
        },
        "position": {
          "basis": "750px"
        },
        "props": {
          "direction": "column",
          "justify": "center"
        },
        "type": "ia.container.flex"
      },
      {
        "children": [
          {
            "meta": {
              "name": "Image"
            },
            "position": {
              "basis": "463px"
            },
            "props": {
              "fit": {
                "mode": "contain"
              },
              "source": "/system/images/mbappe.png",
              "style": {
                "marginLeft": "25px",
                "marginRight": "25px"
              }
            },
            "type": "ia.display.image"
          },
          {
            "meta": {
              "name": "Image_0"
            },
            "position": {
              "basis": "330px"
            },
            "props": {
              "fit": {
                "mode": "contain"
              },
              "source": "/system/images/footballer.png",
              "style": {
                "marginLeft": "25px",
                "marginRight": "25px"
              }
            },
            "type": "ia.display.image"
          }
        ],
        "meta": {
          "name": "column2"
        },
        "position": {
          "basis": "850px"
        },
        "props": {
          "direction": "column",
          "justify": "space-around"
        },
        "type": "ia.container.flex"
      }
    ],
    "meta": {
      "name": "root"
    },
    "props": {
      "justify": "center",
      "style": {
        "backgroundColor": "#D5D5D5"
      }
    },
    "type": "ia.container.flex"
  }
}