{
  "custom": {},
  "params": {
    "matchDate": "2025-06-14 21:00:00",
    "matchID": 140601,
    "team1EmblemSrc": "betApp/teamsEmblem/alAlchyFC.png",
    "team1Name": "Al Ahly FC",
    "team2EmblemSrc": "betApp/teamsEmblem/interMiamiCF.png",
    "team2Name": "Inter Miami FC"
  },
  "propConfig": {
    "params.matchDate": {
      "paramDirection": "input",
      "persistent": true
    },
    "params.matchID": {
      "paramDirection": "input",
      "persistent": true
    },
    "params.team1EmblemSrc": {
      "paramDirection": "input",
      "persistent": true
    },
    "params.team1Name": {
      "paramDirection": "input",
      "persistent": true
    },
    "params.team2EmblemSrc": {
      "paramDirection": "input",
      "persistent": true
    },
    "params.team2Name": {
      "paramDirection": "input",
      "persistent": true
    }
  },
  "props": {
    "defaultSize": {
      "height": 250
    }
  },
  "root": {
    "children": [
      {
        "children": [
          {
            "meta": {
              "name": "Image"
            },
            "position": {
              "basis": "180px"
            },
            "propConfig": {
              "props.source": {
                "binding": {
                  "config": {
                    "expression": "\"/system/images/\" + {view.params.team1EmblemSrc}"
                  },
                  "type": "expr"
                }
              }
            },
            "props": {
              "fit": {
                "mode": "contain"
              }
            },
            "type": "ia.display.image"
          },
          {
            "meta": {
              "name": "teamName"
            },
            "position": {
              "basis": "32px"
            },
            "propConfig": {
              "props.text": {
                "binding": {
                  "config": {
                    "path": "view.params.team1Name"
                  },
                  "type": "property"
                }
              }
            },
            "props": {
              "textStyle": {
                "textAlign": "center"
              }
            },
            "type": "ia.display.label"
          }
        ],
        "meta": {
          "name": "team1"
        },
        "position": {
          "basis": "200px"
        },
        "props": {
          "direction": "column",
          "justify": "space-around"
        },
        "type": "ia.container.flex"
      },
      {
        "children": [
          {
            "children": [
              {
                "events": {
                  "dom": {
                    "onClick": {
                      "config": {
                        "script": "\t\t\n\tsystem.perspective.openPopup(\n\t\tid \u003d \"enterResultPopUp\", \n\t\tview \u003d \"patterns/enterResultPopUp\",\n\t\tparams \u003d {\t\u0027matchID\u0027:self.view.params.matchID,\n\t\t\t\t\t\u0027team1Name\u0027:self.view.params.team1Name,\n\t\t\t\t\t\u0027team2Name\u0027:self.view.params.team2Name})"
                      },
                      "scope": "G",
                      "type": "script"
                    }
                  }
                },
                "meta": {
                  "name": "resultLabel"
                },
                "position": {
                  "basis": "50px"
                },
                "props": {
                  "text": "Result",
                  "textStyle": {
                    "fontSize": "26px",
                    "textAlign": "center"
                  }
                },
                "type": "ia.display.label"
              },
              {
                "children": [
                  {
                    "meta": {
                      "name": "team1"
                    },
                    "position": {
                      "basis": "50px"
                    },
                    "propConfig": {
                      "props.text": {
                        "binding": {
                          "config": {
                            "parameters": {
                              "matchID": "{view.params.matchID}"
                            },
                            "polling": {
                              "enabled": true,
                              "rate": "1"
                            },
                            "queryPath": "theMatchResult_Team1",
                            "returnFormat": "scalar"
                          },
                          "type": "query"
                        }
                      }
                    },
                    "props": {
                      "textStyle": {
                        "fontSize": "30px",
                        "textAlign": "center"
                      }
                    },
                    "type": "ia.display.label"
                  },
                  {
                    "meta": {
                      "name": "sep"
                    },
                    "position": {
                      "basis": "50px"
                    },
                    "props": {
                      "text": "-",
                      "textStyle": {
                        "fontSize": "30px",
                        "textAlign": "center"
                      }
                    },
                    "type": "ia.display.label"
                  },
                  {
                    "meta": {
                      "name": "team2"
                    },
                    "position": {
                      "basis": "50px"
                    },
                    "propConfig": {
                      "props.text": {
                        "binding": {
                          "config": {
                            "parameters": {
                              "matchID": "{view.params.matchID}"
                            },
                            "polling": {
                              "enabled": true,
                              "rate": "1"
                            },
                            "queryPath": "theMatchResult_Team2",
                            "returnFormat": "scalar"
                          },
                          "type": "query"
                        }
                      }
                    },
                    "props": {
                      "textStyle": {
                        "fontSize": "30px",
                        "textAlign": "center"
                      }
                    },
                    "type": "ia.display.label"
                  }
                ],
                "meta": {
                  "name": "score"
                },
                "position": {
                  "basis": "50px"
                },
                "props": {
                  "justify": "space-evenly"
                },
                "type": "ia.container.flex"
              }
            ],
            "meta": {
              "name": "result"
            },
            "position": {
              "basis": "130px"
            },
            "props": {
              "direction": "column",
              "justify": "space-evenly"
            },
            "type": "ia.container.flex"
          },
          {
            "events": {
              "dom": {
                "onClick": {
                  "config": {
                    "script": "\t\n\t#Check if user is logged\n\tisLogged \u003d self.session.props.auth.authenticated\n\tif isLogged \u003d\u003d False:\n\t\tsystem.perspective.openPopup(id \u003d \"notLogged\", view \u003d \"patterns/notLoggedPopUp\")\n\t\tfrom sys import exit #break script if user is not logged\n\t\texit()\n\n\tdt_str \u003d self.view.params.matchDate #datetime string from params\n\tdt \u003d system.date.parse(dt_str) #convert datetime string to datetime\n\t\n\t#Check if it`s before one an hour before the match starts.\n\tif system.date.now() \u003c\u003d (system.date.addHours(dt, -1)):\t\t\t\n\t\t\n\t\t#Check if user has bet on this match.\n\t\t#Query returns 1 if has been bet on, and returns 0 if hasn`t\n\t\tdbName \u003d \"localMSSQLserver\"\n\t\tquery \u003d \u0027\u0027\u0027\t\t\n\t\t\tIF EXISTS(SELECT * FROM [betApp].[dbo].[betOnMatches] \n\t\t\tWHERE (matchID \u003d ? AND userID LIKE ?))\n\t\t\tSELECT 1;\n\t\t\tELSE\n\t\t\tSELECT 0;\n\t\t\t\t\u0027\u0027\u0027\t\t\t\t\n\t\tmatchID \u003d self.view.params.matchID\n\t\tuserID \u003d self.session.props.auth.user.userName\n\t\thasBet \u003d system.db.runPrepQuery(query,\t\n\t\t\t\t\t\t\t\t\t\targs \u003d [matchID, userID], \n\t\t\t\t\t\t\t\t\t\tdatabase \u003d dbName)\n\t\t\t\t\t\t\t\t\t\t\n\t\tif hasBet[0][0] \u003d\u003d 1: #if user bet on - open \"wasBetPopUp\"\t\n\t\t\tsystem.perspective.openPopup(\n\t\t\tid \u003d \"wasBetPopUp\", \n\t\t\tview \u003d \"patterns/wasBetPopUp\",\n\t\t\ttitle \u003d \"infobox\",\n\t\t\tparams \u003d {\t\u0027matchID\u0027:self.view.params.matchID,\n\t\t\t\t\t\t\u0027team1Name\u0027:self.view.params.team1Name,\n\t\t\t\t\t\t\u0027team2Name\u0027:self.view.params.team2Name})\n\t\t\t\t\t\t\n\t\telif hasBet[0][0] \u003d\u003d 0: #if user has not been bet on - open \"betPopUp\"\t\n\t\t\tsystem.perspective.openPopup(\n\t\t\tid \u003d \"BetPopUp\", \n\t\t\tview \u003d \"patterns/betPopUPwindow\",\n\t\t\ttitle \u003d \"infobox\",\n\t\t\tparams \u003d {\t\u0027matchID\u0027:self.view.params.matchID,\n\t\t\t\t\t\t\u0027team1Name\u0027:self.view.params.team1Name,\n\t\t\t\t\t\t\u0027team2Name\u0027:self.view.params.team2Name})\t\t\t\t\t\t\n\t\t\t\t\t\t\n\telse: #don`t allow bet on and open \"tooLatePopUp\"\t\t\n\t\tsystem.perspective.openPopup(\n\t\tid \u003d \"tooLatePopUp\",\n\t\tview \u003d \"patterns/tooLatePopUp\",\n\t\ttitle \u003d \"infobox\")"
                  },
                  "scope": "G",
                  "type": "script"
                }
              }
            },
            "meta": {
              "name": "Button"
            },
            "position": {
              "basis": "55px"
            },
            "props": {
              "style": {
                "backgroundColor": "#555555",
                "marginLeft": "10px",
                "marginRight": "10px",
                "marginTop": "10px"
              },
              "text": "BET MATCH"
            },
            "type": "ia.input.button"
          }
        ],
        "meta": {
          "name": "center"
        },
        "position": {
          "basis": "200px"
        },
        "props": {
          "direction": "column",
          "justify": "space-evenly"
        },
        "type": "ia.container.flex"
      },
      {
        "children": [
          {
            "meta": {
              "name": "Image"
            },
            "position": {
              "basis": "180px"
            },
            "propConfig": {
              "props.source": {
                "binding": {
                  "config": {
                    "expression": "\"/system/images/\" + {view.params.team2EmblemSrc}"
                  },
                  "type": "expr"
                }
              }
            },
            "props": {
              "fit": {
                "mode": "contain"
              }
            },
            "type": "ia.display.image"
          },
          {
            "meta": {
              "name": "teamName"
            },
            "position": {
              "basis": "32px"
            },
            "propConfig": {
              "props.text": {
                "binding": {
                  "config": {
                    "path": "view.params.team2Name"
                  },
                  "type": "property"
                }
              }
            },
            "props": {
              "textStyle": {
                "textAlign": "center"
              }
            },
            "type": "ia.display.label"
          }
        ],
        "meta": {
          "name": "team2"
        },
        "position": {
          "basis": "200px"
        },
        "props": {
          "direction": "column",
          "justify": "space-around"
        },
        "type": "ia.container.flex"
      }
    ],
    "meta": {
      "name": "root"
    },
    "props": {
      "justify": "space-around",
      "style": {
        "classes": "matchPattern"
      }
    },
    "type": "ia.container.flex"
  }
}