{
  "custom": {},
  "params": {},
  "props": {
    "defaultSize": {
      "height": 180,
      "width": 300
    }
  },
  "root": {
    "children": [
      {
        "meta": {
          "name": "infoText"
        },
        "position": {
          "height": 94,
          "width": 238,
          "x": 31,
          "y": 13
        },
        "props": {
          "text": "It`s too late too bet on this match. You can bet one  an hour befor the match starts.",
          "textStyle": {
            "textAlign": "center"
          }
        },
        "type": "ia.display.label"
      },
      {
        "events": {
          "dom": {
            "onClick": {
              "config": {
                "script": "\t\n\tsystem.perspective.closePopup(id \u003d \"tooLatePopUp\")"
              },
              "scope": "G",
              "type": "script"
            }
          }
        },
        "meta": {
          "name": "okButton"
        },
        "position": {
          "height": 40,
          "width": 106,
          "x": 97,
          "y": 115
        },
        "props": {
          "text": "OK"
        },
        "type": "ia.input.button"
      }
    ],
    "meta": {
      "name": "root"
    },
    "type": "ia.container.coord"
  }
}