{
  "custom": {},
  "params": {},
  "props": {
    "defaultSize": {
      "height": 1200,
      "width": 1600
    }
  },
  "root": {
    "children": [
      {
        "meta": {
          "name": "Label"
        },
        "position": {
          "basis": "80px"
        },
        "props": {
          "style": {
            "classes": "matchDay"
          },
          "text": "16 June - Group Stage"
        },
        "type": "ia.display.label"
      },
      {
        "meta": {
          "name": "EmbeddedView"
        },
        "position": {
          "basis": "250px"
        },
        "props": {
          "params": {
            "matchDate": "2025-06-16 15:00:00",
            "matchID": 160601,
            "team1EmblemSrc": "betApp/teamsEmblem/chelseFC.png",
            "team1Name": "Chelsea FC",
            "team2EmblemSrc": "betApp/teamsEmblem/clubLeon.png",
            "team2Name": "Club Leon"
          },
          "path": "patterns/matchPattern",
          "useDefaultViewHeight": true,
          "useDefaultViewWidth": true
        },
        "type": "ia.display.view"
      },
      {
        "meta": {
          "name": "EmbeddedView_0"
        },
        "position": {
          "basis": "250px"
        },
        "props": {
          "params": {
            "matchDate": "2025-06-6 18:00:00",
            "matchID": 160602,
            "team1EmblemSrc": "betApp/teamsEmblem/bocaJuniors.png",
            "team1Name": "CA Boca Juniors",
            "team2EmblemSrc": "betApp/teamsEmblem/benficaSL.png",
            "team2Name": "SL Benfica"
          },
          "path": "patterns/matchPattern",
          "style": {
            "marginTop": "50px"
          },
          "useDefaultViewHeight": true,
          "useDefaultViewWidth": true
        },
        "type": "ia.display.view"
      },
      {
        "meta": {
          "name": "EmbeddedView_1"
        },
        "position": {
          "basis": "250px"
        },
        "props": {
          "params": {
            "matchDate": "2025-06-16 21:00:00",
            "matchID": 160603,
            "team1EmblemSrc": "betApp/teamsEmblem/flamengoCR.png",
            "team1Name": "CR Flamengo",
            "team2EmblemSrc": "betApp/teamsEmblem/esperanceSportiveDeTunis.png",
            "team2Name": "Esperance Sportive de Tunis"
          },
          "path": "patterns/matchPattern",
          "style": {
            "marginTop": "50px"
          },
          "useDefaultViewHeight": true,
          "useDefaultViewWidth": true
        },
        "type": "ia.display.view"
      }
    ],
    "meta": {
      "name": "root"
    },
    "props": {
      "alignItems": "center",
      "direction": "column"
    },
    "type": "ia.container.flex"
  }
}