{
  "custom": {},
  "params": {},
  "props": {
    "defaultSize": {
      "height": 1400,
      "width": 1600
    }
  },
  "root": {
    "children": [
      {
        "meta": {
          "name": "Label"
        },
        "position": {
          "basis": "80px"
        },
        "props": {
          "style": {
            "classes": "matchDay"
          },
          "text": "15 June - Group Stage"
        },
        "type": "ia.display.label"
      },
      {
        "meta": {
          "name": "EmbeddedView"
        },
        "position": {
          "basis": "250px"
        },
        "props": {
          "params": {
            "matchDate": "2025-06-15 12:00:00",
            "matchID": 150601,
            "team1EmblemSrc": "betApp/teamsEmblem/bayernMunchen.png",
            "team1Name": "FC Bayern Munchen",
            "team2EmblemSrc": "betApp/teamsEmblem/aucklandCity.png",
            "team2Name": "Auckland City FC"
          },
          "path": "patterns/matchPattern",
          "useDefaultViewHeight": true,
          "useDefaultViewWidth": true
        },
        "type": "ia.display.view"
      },
      {
        "meta": {
          "name": "EmbeddedView_0"
        },
        "position": {
          "basis": "250px"
        },
        "props": {
          "params": {
            "matchDate": "2025-06-15 12:00:00",
            "matchID": 150602,
            "team1EmblemSrc": "betApp/teamsEmblem/PSG.png",
            "team1Name": "Paris Saint-Germain",
            "team2EmblemSrc": "betApp/teamsEmblem/atleticoMadrid.png",
            "team2Name": "Atletico Madrid"
          },
          "path": "patterns/matchPattern",
          "style": {
            "marginTop": "50px"
          },
          "useDefaultViewHeight": true,
          "useDefaultViewWidth": true
        },
        "type": "ia.display.view"
      },
      {
        "meta": {
          "name": "EmbeddedView_1"
        },
        "position": {
          "basis": "250px"
        },
        "props": {
          "params": {
            "matchDate": "2025-06-15 18:00:00",
            "matchID": 150603,
            "team1EmblemSrc": "betApp/teamsEmblem/sePalmeiras.png",
            "team1Name": "SE Palmeiras",
            "team2EmblemSrc": "betApp/teamsEmblem/fcPorto.png",
            "team2Name": "FC Porto"
          },
          "path": "patterns/matchPattern",
          "style": {
            "marginTop": "50px"
          },
          "useDefaultViewHeight": true,
          "useDefaultViewWidth": true
        },
        "type": "ia.display.view"
      },
      {
        "meta": {
          "name": "EmbeddedView_2"
        },
        "position": {
          "basis": "320px"
        },
        "props": {
          "params": {
            "matchDate": "2025-06-15 19:00:00",
            "matchID": 150604,
            "team1EmblemSrc": "betApp/teamsEmblem/botafogo.png",
            "team1Name": "Botafogo",
            "team2EmblemSrc": "betApp/teamsEmblem/seattleSoundersFC.png",
            "team2Name": "Seattle Sounders FC"
          },
          "path": "patterns/matchPattern",
          "style": {
            "marginTop": "50px"
          },
          "useDefaultViewHeight": true,
          "useDefaultViewWidth": true
        },
        "type": "ia.display.view"
      }
    ],
    "meta": {
      "name": "root"
    },
    "props": {
      "alignItems": "center",
      "direction": "column"
    },
    "type": "ia.container.flex"
  }
}