{
  "custom": {},
  "params": {},
  "props": {
    "defaultSize": {
      "height": 1200,
      "width": 1600
    }
  },
  "root": {
    "children": [
      {
        "meta": {
          "name": "Label"
        },
        "position": {
          "basis": "80px"
        },
        "props": {
          "style": {
            "classes": "matchDay"
          },
          "text": "13 July - Final"
        },
        "type": "ia.display.label"
      }
    ],
    "meta": {
      "name": "root"
    },
    "props": {
      "direction": "column"
    },
    "type": "ia.container.flex"
  }
}